aassnaulhq.mp4,4.92E-08
aayfryxljh.mp4,0.064158745
acazlolrpz.mp4,0.108890049
adohdulfwb.mp4,0.136651397
ahjnxtiamx.mp4,0.006823971
ajiyrjfyzp.mp4,0.499885827
aktnlyqpah.mp4,0.960812271
alrtntfxtd.mp4,2.19E-05
aomqqjipcp.mp4,0.999962926
apedduehoy.mp4,0.089696534
apvzjkvnwn.mp4,0.045958493
aqrsylrzgi.mp4,7.36E-06
axfhbpkdlc.mp4,0.053871125
ayipraspbn.mp4,1
bcbqxhziqz.mp4,0.033936713
bcvheslzrq.mp4,0.010555364
bdshuoldwx.mp4,0.000125744
bfdopzvxbi.mp4,1.58E-10
bfjsthfhbd.mp4,0.001867054
bjyaxvggle.mp4,2.28E-09
bkcyglmfci.mp4,2.87E-06
bktkwbcawi.mp4,1
bkuzquigyt.mp4,2.83E-07
blnmxntbey.mp4,0.171117187
blszgmxkvu.mp4,9.06E-06
bnuwxhfahw.mp4,0.009161261
bofrwgeyjo.mp4,0.989413202
btdxnajogv.mp4,0.017685356
bvpeerislp.mp4,0.058288094
bwdmzwhdnw.mp4,0.144009873
bzvzpwrabw.mp4,0.060473017
cekarydqba.mp4,0.132031962
cekwtyxdoo.mp4,0.499885827
cjkctqqakb.mp4,0.499885827
cnpanmywno.mp4,0.000125744
cnxccbjlct.mp4,0.209695369
coqwgzpbhx.mp4,0.654853821
cosghhimnd.mp4,0.068442687
coujjnypba.mp4,0.026682284
cqhwesrciw.mp4,0.364856482
cqxxumarvp.mp4,2.94E-08
csnkohqxdv.mp4,0.017302308
cxsvvnxpyz.mp4,0.025434772
czfqlbcfpa.mp4,0.564808249
dcqodpzomd.mp4,0.108890049
ddtbarpcgo.mp4,0.115575112
demuhxssgl.mp4,0.571611404
didzujjhtg.mp4,0.356033146
dkuqbduxev.mp4,5.58E-05
dmmvuaikkv.mp4,3.75E-12
dnmowthjcj.mp4,0.010457261
doniqevxeg.mp4,0.129941687
dozjwhnedd.mp4,0.003377753
dpevefkefv.mp4,0.496367574
dpmgoiwhuf.mp4,0.00674898
dsnxgrfdmd.mp4,2.32E-05
dtozwcapoa.mp4,0.052785479
dvkdfhrpph.mp4,1.59E-09
dvtpwatuja.mp4,0.993860841
dvwpvqdflx.mp4,0.428235292
dxfdovivlw.mp4,0.026682284
dxgnpnowgk.mp4,0.872507691
dyjklprkoc.mp4,0.03496566
dzkyxbbqkr.mp4,1
dzojiwfvba.mp4,0.011828015
ecumyiowzs.mp4,0.993860841
eisofhptvk.mp4,0.045723479
ekboxwrwuv.mp4,0.936096847
ekelfsnqof.mp4,3.61E-13
ekvwecwltj.mp4,0.999999404
elackxuccp.mp4,0.016432662
eppyqpgewp.mp4,0.196972847
eqslzbqfea.mp4,0.843720615
eryjktdexi.mp4,3.46E-06
esjdyghhog.mp4,0.156841561
esmqxszybs.mp4,0.53213346
espkiocpxq.mp4,0.279465884
etdliwticv.mp4,0.496367574
evysmtpnrf.mp4,0.83202821
eyguqfmgzh.mp4,0.275249481
eywdmustbb.mp4,0.00049278
famlupsgqm.mp4,0.010754087
fddmkqjwsh.mp4,1.31E-08
fjrueenjyp.mp4,0.324802339
fjxovgmwnm.mp4,0.025375988
fmhiujydwo.mp4,0.943434477
fmvvmcbdrw.mp4,1
fneqiqpqvs.mp4,0.068153188
fnxgqcvlsd.mp4,5.58E-05
fopjiyxiqd.mp4,0.364856482
fpevfidstw.mp4,0.121878915
fqgypsunzr.mp4,1.68E-07
frqfsucgao.mp4,0.003377753
fsdrwikhge.mp4,0.262368709
fwykevubzy.mp4,0.810929775
fxuxxtryjn.mp4,0.183903962
fzvpbrzssi.mp4,0.354898512
gahgyuwzbu.mp4,0.000933615
gbnzicjyhz.mp4,1
gccnvdoknm.mp4,0.062634565
gcdtglsoqj.mp4,0.000652477
gfcycflhbo.mp4,0.06705828
gfdjzwnpyp.mp4,0.072347917
gfgcwxkbjd.mp4,0.7836954
ggdpclfcgk.mp4,0.008140248
ggzjfrirjh.mp4,0.000105314
ghnpsltzyn.mp4,0.17277047
gkutjglghz.mp4,0.033936713
gochxzemmq.mp4,0.209695369
gpsxfxrjrr.mp4,1
gqnaxievjx.mp4,0.364856482
gunamloolc.mp4,2.28E-09
halvwiltfs.mp4,0.991564631
hbufmvbium.mp4,0.990833342
hcanfkwivl.mp4,0.139193133
hclsparpth.mp4,0.278732926
hefisnapds.mp4,0.087826177
heiyoojifp.mp4,0.084976159
hevcclcklc.mp4,0.000141494
hfsvqabzfq.mp4,0.69372344
hicjuubiau.mp4,0.144792676
hierggamuo.mp4,0.063685305
hitfycdavv.mp4,0.122413598
hnfwagcxdf.mp4,1.86E-12
honxqdilvv.mp4,0.959204435
hqzwudvhih.mp4,0.05701296
hsbljbsgxr.mp4,0.472331434
hsbwhlolsn.mp4,0.121491671
hszwwswewp.mp4,0.017302308
htzbnroagi.mp4,0.063490108
huvlwkxoxm.mp4,0.000933615
hweshqpfwe.mp4,3.61E-13
hxwtsaydal.mp4,2.04E-06
hyjqolupxn.mp4,0.215848848
hzoiotcykp.mp4,0.001204269
hzssdinxec.mp4,0.007596086
ibxfxggtqh.mp4,9.06E-06
icbsahlivv.mp4,0.931945801
igpvrfjdzc.mp4,0.148032799
ihglzxzroo.mp4,6.38E-14
iksxzpqxzi.mp4,1
ilqwcbprqa.mp4,1.68E-07
imdmhwkkni.mp4,0.321364045
iorbtaarte.mp4,0.999086499
ipkpxvwroe.mp4,0.108890049
ipvwtgdlre.mp4,5.71E-05
irqzdokcws.mp4,0.961989939
itfsvvmslp.mp4,0.150459975
iznnzjvaxc.mp4,0.123063229
jawgcggquk.mp4,0.049982917
jhczqfefgw.mp4,0.571611404
jiavqbrkyk.mp4,0.008520656
jiswxuqzyz.mp4,0.338580698
jquevmhdvc.mp4,0.146013737
jsbpkpxwew.mp4,0.150459975
jsysgmycsx.mp4,2.63E-12
jyfvaequfg.mp4,0.71017158
jyoxdvxpza.mp4,1.58E-05
jytrvwlewz.mp4,0.105820015
jzmzdispyo.mp4,0.047615185
kcjvhgvhpt.mp4,0.472547412
keioymnobc.mp4,0.033590805
kezwvsxxzj.mp4,0.003359166
khpipxnsvx.mp4,0.009161261
kmcdjxmnoa.mp4,0.047442216
kmqkiihrmj.mp4,0.990844309
knxltsvzyu.mp4,0.065423615
kowiwvrjht.mp4,0.999892235
kqlvggiqee.mp4,0.13567014
kvmpmhdxly.mp4,0.012236237
kwfdyqofzw.mp4,0.000197596
lbfqksftuo.mp4,0.295166016
lbigytrrtr.mp4,0.545600474
lebzjtusnr.mp4,0.505974352
lhvjzhjxdp.mp4,0.958315253
ljauauuyka.mp4,0.008559978
ljouzjaqqe.mp4,0.011840387
llplvmcvbl.mp4,2.63E-12
lmdyicksrv.mp4,0.888119578
lnhkjhyhvw.mp4,0.252795607
lnjkpdviqb.mp4,0.127319977
lpgxwdgnio.mp4,0.007596086
lpkgabskbw.mp4,2.60E-06
lujvyveojc.mp4,0.046605032
lyoslorecs.mp4,0.990649164
mdfndlljvt.mp4,0.022106985
mkmgcxaztt.mp4,0.007961682
mkzaekkvej.mp4,0.980684757
mllzkpgatp.mp4,0.767130017
mnowxangqx.mp4,0.123063229
mnzabbkpmt.mp4,0.936096847
mohiqoogpb.mp4,6.48E-05
mszblrdprw.mp4,0.201137066
mwnibuujwz.mp4,1.55E-06
mwwploizlj.mp4,0.888119578
mxahsihabr.mp4,0.003378238
mxlipjhmqk.mp4,0.005961088
ncmpqwmnzb.mp4,0.010397352
ncoeewrdlo.mp4,0.183903962
ndikguxzek.mp4,1
nikynwcvuh.mp4,0.022106985
njzshtfmcw.mp4,0.017685356
nkhzxomani.mp4,7.10E-07
novarhxpbj.mp4,0.000305999
nplviymzlg.mp4,0.428235292
nswtvttxre.mp4,0.325325876
nthpnwylxo.mp4,1
nwvloufjty.mp4,0.056304436
nwvsbmyndn.mp4,0.018931417
nxgzmgzkfv.mp4,0.009904772
nxnmkytwze.mp4,0.033848651
nxzgekegsp.mp4,0.279465884
nycmyuzpml.mp4,0.011948933
nymodlmxni.mp4,0.365231544
oaguiggjyv.mp4,0.131129727
ocgdbrgmtq.mp4,0.123063229
oefukgnvel.mp4,0.416211754
oelqpetgwj.mp4,1
ojsxxkalat.mp4,0.408851385
okgelildpc.mp4,1
omphqltjdd.mp4,0.002931025
ooafcxxfrs.mp4,0.386395216
oocincvedt.mp4,0.00451154
oojxonbgow.mp4,1.61E-09
opvqdabdap.mp4,0.168946907
orekjthsef.mp4,2.04E-06
orixbcfvdz.mp4,0.998491406
ouaowjmigq.mp4,0.004731263
owaogcehvc.mp4,0.931945801
oyqgwjdwaj.mp4,0.364856482
oysopgovhu.mp4,0.010754087
papagllumt.mp4,0.00026734
pcoxcmtroa.mp4,0.021801043
pcyswtgick.mp4,0.991942048
pdswwyyntw.mp4,5.72E-05
pdufsewrec.mp4,7.10E-07
petmyhjclt.mp4,0.115575112
phjvutxpoi.mp4,0.035851229
pqdeutauqc.mp4,0.215826139
pqthmvwonf.mp4,0.000149542
prhmixykhr.mp4,0.087826177
prwsfljdjo.mp4,1.43E-06
psesikjaxx.mp4,0.472547412
ptbfnkajyi.mp4,0.010699071
ptbnewtvon.mp4,0.428235292
pxcfrszlgi.mp4,1
pxjkzvqomp.mp4,0.854549825
qarqtkvgby.mp4,0.213133082
qcbkztamqc.mp4,0.003483808
qclpbcbgeq.mp4,0.938182414
qdqdsaiitt.mp4,0.146013737
qhkzlnzruj.mp4,0.014822079
qhsehzgxqj.mp4,0.05701296
qlqhjcshpk.mp4,0.30482316
qlvsqdroqo.mp4,3.03E-05
qooxnxqqjb.mp4,0.472615838
qqnlrngaft.mp4,0.141701505
qsjiypnjwi.mp4,6.58E-07
qswlzfgcgj.mp4,0.376195401
qxyrtwozyw.mp4,0.000321967
qyyhuvqmyf.mp4,0.010754087
rcecrgeotc.mp4,0.022106985
rcjfxxhcal.mp4,0.834058464
rerpivllud.mp4,3.79E-06
rfjuhbnlro.mp4,0.571611404
rfwxcinshk.mp4,0.000149542
rklawjhbpv.mp4,0.033590805
rktrpsdlci.mp4,0.078615107
rmlzgerevr.mp4,0.974683523
rmufsuogzn.mp4,0.119901814
rnfcjxynfa.mp4,0.08780203
rrrfjhugvb.mp4,2.04E-06
rtpbawlmxr.mp4,0.121491671
ruhtnngrqv.mp4,0.010555364
rukyxomwcx.mp4,0.860445619
rvvpazsffd.mp4,6.58E-07
rxdoimqble.mp4,0.053675812
ryxaqpfubf.mp4,0.006741907
scbdenmaed.mp4,0.214494199
scrbqgpvzz.mp4,0.252795607
sfsayjgzrh.mp4,0.30482316
shnsajrsow.mp4,0.122413598
siebfpwuhu.mp4,0.056814425
sjinmmbipg.mp4,2.28E-09
sjkfxrlxxs.mp4,1
sjwywglgym.mp4,0.571611404
sktpeppbkc.mp4,0.009904772
sngjsueuhs.mp4,0.961855114
snlyjbnpgw.mp4,0.051595639
sodvtfqbpf.mp4,0.227892071
sqixhnilfm.mp4,0.017302308
srfefmyjvt.mp4,0.116429895
sufvvwmbha.mp4,0.339266151
swsaoktwgi.mp4,0.072347917
sylnrepacf.mp4,0.089009903
syuxttuyhm.mp4,0.051595639
syxobtuucp.mp4,0.299763978
sznkemeqro.mp4,0.006823971
tejfudfgpq.mp4,0.046908107
temeqbmzxu.mp4,0.010754087
temjefwaas.mp4,0.121491671
tgawasvbbr.mp4,0.376216173
tjuihawuqm.mp4,0.006741907
tjywwgftmv.mp4,0.299763978
toinozytsp.mp4,0.609454453
tvhjcfnqtg.mp4,0.150459975
txmnoyiyte.mp4,0.13567014
txnmkabufs.mp4,0.184712037
tyjpjpglgx.mp4,0.059588879
tynfsthodx.mp4,0.990833342
ucthmsajay.mp4,0.064238876
udxqbhgvvx.mp4,0.064238876
uhakqelqri.mp4,0.116429895
uhrqlmlclw.mp4,0.845615149
uoccaiathd.mp4,1
upmgtackuf.mp4,0.049259905
uqvxjfpwdo.mp4,1
usqqvxcjmg.mp4,0.205044895
uubgqnvfdl.mp4,0.654853821
uvrzaczrbx.mp4,0.014126365
uxuvkrjhws.mp4,0.999999881
vajkicalux.mp4,3.40E-17
vbcgoyxsvn.mp4,0.027075268
vdtsbqidjb.mp4,0.000933615
vhbbwdflyh.mp4,0.010699071
viteugozpv.mp4,2.55E-05
vizerpsvbz.mp4,0.000171028
vjljdfopjg.mp4,0.108890049
vmxfwxgdei.mp4,0.135013506
vnlzxqwthl.mp4,0.000849555
voawxrmqyl.mp4,0.121491671
vokrpfjpeb.mp4,0.344209641
vssmlqoiti.mp4,1.31E-08
vtunvalyji.mp4,0.408851385
vurjckblge.mp4,0.105820015
vvfszaosiv.mp4,0.998491406
vwxednhlwz.mp4,0.886171758
wadvzjhwtw.mp4,0.002101153
waucvvmtkq.mp4,0.003636595
wclvkepakb.mp4,0.060473017
wcqvzujamg.mp4,0.06705828
wcssbghcpc.mp4,0.183903962
wcvsqnplsk.mp4,0.000164732
wfzjxzhdkj.mp4,0.051595639
wixbuuzygv.mp4,0.946102023
wjhpisoeaj.mp4,0.999998927
wmoqzxddkb.mp4,0.08780203
wndursivcx.mp4,0.888119578
wnlubukrki.mp4,0.183903962
wqysrieiqu.mp4,1.67E-05
wvgviwnwob.mp4,1
wynotylpnm.mp4,0.609454453
xcruhaccxc.mp4,0.055169541
xdezcezszc.mp4,0.16002059
xhtppuyqdr.mp4,0.051595639
xitgdpzbxv.mp4,0.006741907
xjvxtuakyd.mp4,0.007524844
xljemofssi.mp4,0.025434772
xmkwsnuzyq.mp4,0.05701296
xphdfgmfmz.mp4,1
xrtvqhdibb.mp4,0.001867054
xugmhbetrw.mp4,0.019423947
xxzefxwyku.mp4,0.033429589
yarpxfqejd.mp4,0.381581217
yaxgpxhavq.mp4,0.009904772
ybbrkacebd.mp4,0.305309564
yhjlnisfel.mp4,0.433463067
yhylappzid.mp4,2.37E-09
yietrwuncf.mp4,2.43E-05
yiykshcbaz.mp4,0.000726709
yljecirelf.mp4,0.168946907
yllztsrwjw.mp4,0.505974352
ylxwcwhjjd.mp4,0.006349644
yoyhmxtrys.mp4,0.214494199
ypbtpunjvm.mp4,0.428235292
yqhouqakbx.mp4,0.062384374
yronlutbgm.mp4,0.000914013
ystdtnetgj.mp4,0.024437802
ytddugrwph.mp4,0.033223186
ytopzxrswu.mp4,1
ywauoonmlr.mp4,0.996725559
ywxpquomgt.mp4,0.097620934
yxadevzohx.mp4,0.005322536
yxirnfyijn.mp4,0.215848848
yxvmusxvcz.mp4,0.22249122
yzuestxcbq.mp4,0.571611404
zbgssotnjm.mp4,0.824655473
zcxcmneefk.mp4,0.999949932
zfobicuigx.mp4,0.848739266
zfrrixsimm.mp4,0.956228554
zgbhzkditd.mp4,0.386395216
zgjosltkie.mp4,1.16E-06
ziipxxchai.mp4,0.003483808
zmxeiipnqb.mp4,0.381581217
ztyuiqrhdk.mp4,4.65E-14
ztyvglkcsf.mp4,0.006632367
zuwwbbusgl.mp4,0.004589838
zxacihctqp.mp4,4.26E-19
zyufpqvpyu.mp4,0.499885827
zzmgnglanj.mp4,1.31E-09
